mapping,topic,category,theme
BetterUp - Whole Person,Engagement,Centered,Thriving
BetterUp - Whole Person,Exercise,Centered,Thriving
BetterUp - Whole Person,Health,Centered,Thriving
BetterUp - Whole Person,Organization,Centered,Thriving
BetterUp - Whole Person,Passion,Centered,Thriving
BetterUp - Whole Person,Physical energy,Centered,Thriving
BetterUp - Whole Person,Prioritization,Centered,Thriving
BetterUp - Whole Person,Purpose,Centered,Thriving
BetterUp - Whole Person,Stress management,Centered,Thriving
BetterUp - Whole Person,Well-being,Centered,Thriving
BetterUp - Whole Person,Work/life balance,Centered,Thriving
BetterUp - Whole Person,Critical thinking,Aware,Thriving
BetterUp - Whole Person,Emotional intelligence,Aware,Thriving
BetterUp - Whole Person,Emotional regulation,Aware,Thriving
BetterUp - Whole Person,Focus,Aware,Thriving
BetterUp - Whole Person,Gratitude,Aware,Thriving
BetterUp - Whole Person,Habit formation,Aware,Thriving
BetterUp - Whole Person,Leadership styles,Aware,Thriving
BetterUp - Whole Person,Mindfulness,Aware,Thriving
BetterUp - Whole Person,Procrastination,Aware,Thriving
BetterUp - Whole Person,Productivity,Aware,Thriving
BetterUp - Whole Person,Self-awareness,Aware,Thriving
BetterUp - Whole Person,Self-compassion,Aware,Thriving
BetterUp - Whole Person,Time management,Aware,Thriving
BetterUp - Whole Person,Values,Aware,Thriving
BetterUp - Whole Person,Accomplishing goals,Agile,Thriving
BetterUp - Whole Person,Career development,Agile,Thriving
BetterUp - Whole Person,Career planning,Agile,Thriving
BetterUp - Whole Person,Career transition,Agile,Thriving
BetterUp - Whole Person,Confidence,Agile,Thriving
BetterUp - Whole Person,Creativity,Agile,Thriving
BetterUp - Whole Person,Developing strengths,Agile,Thriving
BetterUp - Whole Person,Envisioning goals,Agile,Thriving
BetterUp - Whole Person,Future planning,Agile,Thriving
BetterUp - Whole Person,Goal setting,Agile,Thriving
BetterUp - Whole Person,Growth mindset,Agile,Thriving
BetterUp - Whole Person,Managing change,Agile,Thriving
BetterUp - Whole Person,Managing uncertainty,Agile,Thriving
BetterUp - Whole Person,Optimism,Agile,Thriving
BetterUp - Whole Person,Personal transition,Agile,Thriving
BetterUp - Whole Person,Resilience,Agile,Thriving
BetterUp - Whole Person,Retirement,Agile,Thriving
BetterUp - Whole Person,Risk tolerance,Agile,Thriving
BetterUp - Whole Person,Situational confidence,Agile,Thriving
BetterUp - Whole Person,Vulnerability,Agile,Thriving
BetterUp - Whole Person,Articulating value,Drives,Inspiring
BetterUp - Whole Person,Assertiveness,Drives,Inspiring
BetterUp - Whole Person,Decision making,Drives,Inspiring
BetterUp - Whole Person,Delegation,Drives,Inspiring
BetterUp - Whole Person,Executive presence,Drives,Inspiring
BetterUp - Whole Person,Feedback,Drives,Inspiring
BetterUp - Whole Person,Impression management,Drives,Inspiring
BetterUp - Whole Person,Influence,Drives,Inspiring
BetterUp - Whole Person,Managing up,Drives,Inspiring
BetterUp - Whole Person,Negotiation,Drives,Inspiring
BetterUp - Whole Person,Openness to feedback,Drives,Inspiring
BetterUp - Whole Person,Presentation Skills,Drives,Inspiring
BetterUp - Whole Person,Problem solving,Drives,Inspiring
BetterUp - Whole Person,Public speaking,Drives,Inspiring
BetterUp - Whole Person,Strategic thinking,Drives,Inspiring
BetterUp - Whole Person,Authentic leadership,Elevates,Inspiring
BetterUp - Whole Person,Coaching,Elevates,Inspiring
BetterUp - Whole Person,Developing your team,Elevates,Inspiring
BetterUp - Whole Person,Leadership skills,Elevates,Inspiring
BetterUp - Whole Person,Motivating others,Elevates,Inspiring
BetterUp - Whole Person,New manager,Elevates,Inspiring
BetterUp - Whole Person,Parenting,Elevates,Inspiring
BetterUp - Whole Person,Performance management,Elevates,Inspiring
BetterUp - Whole Person,Recognition,Elevates,Inspiring
BetterUp - Whole Person,Supporting autonomy,Elevates,Inspiring
BetterUp - Whole Person,Active listening,Includes,Inspiring
BetterUp - Whole Person,Building relationships,Includes,Inspiring
BetterUp - Whole Person,Building trust,Includes,Inspiring
BetterUp - Whole Person,Communication,Includes,Inspiring
BetterUp - Whole Person,Conflict management,Includes,Inspiring
BetterUp - Whole Person,Difficult conversations,Includes,Inspiring
BetterUp - Whole Person,Difficult relationships,Includes,Inspiring
BetterUp - Whole Person,Discrimination,Includes,Inspiring
BetterUp - Whole Person,Diversity/Inclusion,Includes,Inspiring
BetterUp - Whole Person,Family relationships,Includes,Inspiring
BetterUp - Whole Person,Managing a difficult coworker,Includes,Inspiring
BetterUp - Whole Person,Managing conflict,Includes,Inspiring
BetterUp - Whole Person,Networking,Includes,Inspiring
BetterUp - Whole Person,Open communication,Includes,Inspiring
BetterUp - Whole Person,Organizational culture,Includes,Inspiring
BetterUp - Whole Person,Personal relationships,Includes,Inspiring
BetterUp - Whole Person,Remote work,Includes,Inspiring
BetterUp - Whole Person,Setting boundaries,Includes,Inspiring
