CREATED_AT,DESCRIPTION,DESCRIPTION_I18N,EXTERNAL_RESOURCES,ID,NAME,NAME_I18N,TOPIC_VERSION,UPDATED_AT,_SDC_BATCHED_AT,_SDC_EXTRACTED_AT,_SDC_RECEIVED_AT,_SDC_SEQUENCE,_SDC_TABLE_VERSION,IMAGE_URL,TRANSLATION_KEY,COLLABORATOR_DESCRIPTION_I18N,RESOURCES_COUNT,UUID
2023-05-04 15:32:53.652 +0000,,"{""de"": ""Steigern Sie das Können in Bezug auf die wichtigsten Vertriebskompetenzen, um Geschäftschancen zu erzeugen und zu gewinnen."", ""en"": ""Enhance mastery of core commercial abilities to generate and win commercial opportunities."", ""es"": ""Perfecciona tu dominio de las habilidades de negocios fundamentales para generar y aprovechar las oportunidades comerciales."", ""fr"": ""Renforcez la maîtrise des compétences commerciales de base afin de générer et de remporter des opportunités commerciales."", ""ja"": ""主要な商業上の能力を高め、商業オポチュニティを創出し、獲得しましょう。"", ""pt"": ""Tenha mais domínio das principais habilidades comerciais para gerar e conquistar oportunidades comerciais."", ""ru"": ""Повышайте владение основными коммерческими навыками для создания и реализации коммерческих возможностей."", ""zh"": ""加强掌握核心商业能力，创造并赢得商业机会。""}",,49,,"{""de"": ""Sales Execution – Vertriebsabwicklung"", ""en"": ""Sales Execution"", ""es"": ""Ejecución de ventas"", ""fr"": ""Exécution des ventes"", ""ja"": ""セールスの実行"", ""pt"": ""Execução das Vendas"", ""ru"": ""Осуществление продаж"", ""zh"": ""销售执行""}",sales.perf,2023-05-15 22:02:12.105 +0000,2023-05-15 22:50:33.904 +0000,2023-05-15 22:49:48.330 +0000,2023-05-15 22:49:55.171 +0000,1684190988427584002,1570220153216,https://buapp-prod-encrypted.s3.amazonaws.com/resources/topic-themes/chess-pieces-stacked.png,sales_execution,"{""de"": ""Steigern Sie das Können in Bezug auf die wichtigsten Vertriebskompetenzen, um Geschäftsmöglichkeiten zu erzeugen und zu gewinnen."", ""en"": ""Enhance mastery of core commercial abilities to generate and win commercial opportunities."", ""es"": ""Perfecciona tu dominio de las habilidades de negocios fundamentales para generar y aprovechar oportunidades comerciales."", ""fr"": ""Renforcez la maîtrise des compétences commerciales de base afin de générer des opportunités commerciales et de s'en saisir."", ""ja"": ""主要な商業上の能力を高め、商業オポチュニティを創出し、獲得しましょう。"", ""pt"": ""Tenha mais domínio das principais habilidades comerciais para gerar e conquistar oportunidades comerciais."", ""ru"": ""Повышайте владение основными коммерческими навыками для создания и реализации коммерческих возможностей."", ""zh"": ""加强掌握核心商业能力，创造并赢得商业机会。""}",0,43ed06fb-6d5d-410c-a83e-376b69f33240
2023-05-04 15:32:54.665 +0000,,"{""de"": ""Kümmern Sie sich besser um Ihr körperliches und emotionales Selbst."", ""en"": ""Improve how you care for your physical and emotional self."", ""es"": ""Mejora cómo cuidas tu ser físico y emocional."", ""fr"": ""Mieux prendre soin de votre condition physique et émotionnelle."", ""ja"": ""身体的・精神的な自己をケア方法の改善。"", ""pt"": ""Melhorar os cuidados com o seu aspecto físico e emocional."", ""ru"": ""Повышение эффективности заботы о своем физическом и эмоциональном состоянии."", ""zh"": ""改善你照顾自己的身体和情绪的方式。""}",,53,,"{""de"": ""Wohlergehen"", ""en"": ""Well-Being"", ""es"": ""Bienestar"", ""fr"": ""Bien-être"", ""ja"": ""ウェルビーイング"", ""pt"": ""Bem-estar"", ""ru"": ""Благополучие и самочувствие"", ""zh"": ""幸福感""}",sales.perf,2023-05-08 10:09:15.600 +0000,2023-05-15 22:50:33.903 +0000,2023-05-15 22:49:48.330 +0000,2023-05-15 22:49:55.171 +0000,1684190988427538001,1570220153216,https://buapp-prod-encrypted.s3.amazonaws.com/resources/topic-themes/heart-in-hands.png,sales_well_being,"{""de"": ""Kümmern Sie sich besser um ihr körperliches und emotionales Selbst."", ""en"": ""Improve how they care for their physical and emotional self."", ""es"": ""Mejorar la forma de cuidar de sí mismos física y emocionalmente."", ""fr"": ""Mieux prendre soin de sa condition physique et émotionnelle."", ""ja"": ""彼らの身体的・精神的な自己ケア方法の改善。"", ""pt"": ""Melhorar os cuidados com os seus aspectos físicos e emocionais."", ""ru"": ""Этот человек повышает эффективность заботы о своем физическом и эмоциональном состоянии."", ""zh"": ""改善他们照顾自己的身体和情绪的方式。""}",0,81e712bf-6265-499d-91e4-006d71152c38
2023-05-04 15:32:53.239 +0000,,"{""de"": ""Nehmen Sie Ihre Karriere in die Hand oder halten Sie Kurs durch einen beruflichen Wechsel."", ""en"": ""Take ownership of your career path or navigate a transition."", ""es"": ""Reconoce tu trayectoria profesional o aborda una transición."", ""fr"": ""Prendre en main son plan de carrière ou vivre une transition."", ""ja"": ""キャリアパスの所有権を持つ、または移行を乗り越える。"", ""pt"": ""Assumir o controle da sua trajetória profissional ou enfrentar uma transição."", ""ru"": ""Возьмите под контроль свою карьеру или преодолейте трудности переходного периода."", ""zh"": ""掌控自己的职业道路或成功完成过渡。""}",,47,,"{""de"": ""Karriere"", ""en"": ""Career Development"", ""es"": ""Desarrollo profesional"", ""fr"": ""Développement de carrière"", ""ja"": ""キャリア開発"", ""pt"": ""Desenvolvimento de Carreira"", ""ru"": ""Профессиональное развитие"", ""zh"": ""职业发展""}",sales.perf,2023-05-08 10:09:15.566 +0000,2023-05-08 11:01:17.224 +0000,2023-05-08 10:49:08.943 +0000,2023-05-08 10:50:33.714 +0000,1683542949027990003,1570220153216,https://buapp-prod-encrypted.s3.amazonaws.com/resources/topic-themes/nested-doors.png,sales_career_development,"{""de"": ""Nehmen Sie ihre berufliche Karriere in die Hand oder halten Sie Kurs durch einen Wechsel."", ""en"": ""Take ownership of their career path or navigate a transition."", ""es"": ""Hacerse cargo de su trayectoria profesional o superar una transición."", ""fr"": ""Prendre en main son plan de carrière ou vivre une transition."", ""ja"": ""彼らのキャリアパスの所有権を持つ、または移行を乗り越える。"", ""pt"": ""Assumir o controle das suas trajetórias profissionais ou enfrentar uma transição."", ""ru"": ""Этот человек берет под контроль свою карьеру или преодолевает трудности переходного периода."", ""zh"": ""掌控他们的职业道路或成功完成过渡。""}",0,15aad91f-12d0-4511-90a5-d829a08b3101
2023-05-04 15:32:53.483 +0000,,"{""de"": ""Fokus und Produktivität steigern, um maximale Wirkung zu erzielen."", ""en"": ""Increase focus and productivity to drive maximum impact."", ""es"": ""Aumenta la concentración y la productividad para generar el máximo impacto."", ""fr"": ""Augmenter son niveau de concentration et sa productivité pour optimiser la portée de ses actions."", ""ja"": ""集中力と生産性を高め、最大限の効果を引き出す。"", ""pt"": ""Aumentar o foco e a produtividade para causar o máximo impacto."", ""ru"": ""Повышение уровня сосредоточенности и продуктивности для достижения максимального эффекта."", ""zh"": ""提升注意持久度和工作效率以产生最大的影响。""}",,48,,"{""de"": ""Zeitmanagement und Produktivität"", ""en"": ""Time Management and Productivity"", ""es"": ""Gestión del tiempo y productividad"", ""fr"": ""Gestion du temps et productivité"", ""ja"": ""時間の管理と生産性"", ""pt"": ""Gestão do Tempo e da Produtividade"", ""ru"": ""Тайм-менеджмент и продуктивность"", ""zh"": ""时间管理和工作效率""}",sales.perf,2023-05-08 10:09:15.591 +0000,2023-05-08 11:01:17.224 +0000,2023-05-08 10:49:08.943 +0000,2023-05-08 10:50:33.714 +0000,1683542949028028006,1570220153216,https://buapp-prod-encrypted.s3.amazonaws.com/resources/topic-themes/stopwatch-in-hand.png,sales_time_management_and_productivity,"{""de"": ""Fokus und Produktivität steigern, um maximale Wirkung zu erzielen."", ""en"": ""Increase focus and productivity to drive maximum impact."", ""es"": ""Aumenta la concentración y la productividad para generar el máximo impacto."", ""fr"": ""Augmenter son niveau de concentration et sa productivité pour optimiser la portée de ses actions."", ""ja"": ""集中力と生産性を高め、最大限の効果を引き出す。"", ""pt"": ""Aumentar o foco e a produtividade para causar o máximo impacto."", ""ru"": ""Повышение уровня сосредоточенности и продуктивности для достижения максимального эффекта."", ""zh"": ""提升注意持久度和工作效率以产生最大的影响。""}",0,cc8a57b0-effd-4bb8-9a78-2f6b53da9f9a
2023-05-04 15:32:54.013 +0000,,"{""de"": ""Verbessern Sie Ihr Auftreten als Führungskraft und Ihren Einflussbereich."", ""en"": ""Enhance your executive presence and realm of influence."", ""es"": ""Mejora tu presencia ejecutiva y tu ámbito de influencia."", ""fr"": ""Renforcer sa présence de leader et augmenter son niveau d’influence."", ""ja"": ""エグゼクティブの存在感を高め、影響力を発揮する。"", ""pt"": ""Aumentar sua presença executiva e o alcance da sua influência."", ""ru"": ""Повышение своего авторитета руководителя и сферы влияния."", ""zh"": ""提升你的领导者气质和影响力。""}",,51,,"{""de"": ""Einfluss"", ""en"": ""Influence"", ""es"": ""Influencia"", ""fr"": ""Influence"", ""ja"": ""影響力"", ""pt"": ""Influência"", ""ru"": ""Влияние"", ""zh"": ""影响力""}",sales.perf,2023-05-08 10:09:15.582 +0000,2023-05-08 11:01:17.224 +0000,2023-05-08 10:49:08.943 +0000,2023-05-08 10:50:33.714 +0000,1683542949028007005,1570220153216,https://buapp-prod-encrypted.s3.amazonaws.com/resources/topic-themes/magnet-and-people.png,sales_influence,"{""de"": ""Verbessern Sie ihr Auftreten als Führungskraft und Ihren Einflussbereich."", ""en"": ""Enhance their executive presence and realm of influence."", ""es"": ""Ampliar su presencia ejecutiva y su ámbito de influencia."", ""fr"": ""Renforcer sa présence de leader et augmenter son niveau d’influence."", ""ja"": ""彼らのエグゼクティブの存在感を高め、影響力を発揮する。"", ""pt"": ""Aumentar suas presenças executivas e o alcance das suas influências."", ""ru"": ""Этот человек повышает свой авторитет руководителя и сферы влияния."", ""zh"": ""提升他们的领导者气质和影响力。""}",0,3e341620-a1b1-4d89-ac29-cd37970572ef
2023-05-04 15:32:54.316 +0000,,"{""de"": ""Effektives Kommunizieren vor großem und kleinem Zuhörerkreis"", ""en"": ""Effectively communicate to audiences large and small."", ""es"": ""Comunícate efectivamente con audiencias grandes y pequeñas."", ""fr"": ""Communiquer efficacement avec des audiences de toutes tailles."", ""ja"": ""大小の聴衆に効果的に伝える。"", ""pt"": ""Comunicar-se de maneira eficaz com grandes e pequenas plateias."", ""ru"": ""Эффективная коммуникация с большими и малыми аудиториями."", ""zh"": ""无论受众如何，都能有效地沟通。""}",,52,,"{""de"": ""Kommunikation"", ""en"": ""Communication"", ""es"": ""Comunicación"", ""fr"": ""Communication"", ""ja"": ""コミュニケーション"", ""pt"": ""Comunicação"", ""ru"": ""Коммуникация"", ""zh"": ""沟通""}",sales.perf,2023-05-08 10:09:15.574 +0000,2023-05-08 11:01:17.224 +0000,2023-05-08 10:49:08.943 +0000,2023-05-08 10:50:33.714 +0000,1683542949027999004,1570220153216,https://buapp-prod-encrypted.s3.amazonaws.com/resources/topic-themes/multiple-microphones.png,sales_communication,"{""de"": ""Effektives Kommunizieren vor großem und kleinem Zuhörerkreis"", ""en"": ""Effectively communicate to audiences large and small."", ""es"": ""Comunícate efectivamente con audiencias grandes y pequeñas."", ""fr"": ""Communiquer efficacement avec des audiences de toutes tailles."", ""ja"": ""大小の聴衆に効果的に伝える。"", ""pt"": ""Comunicar-se de maneira eficaz com grandes e pequenas plateias."", ""ru"": ""Эффективная коммуникация с большими и малыми аудиториями."", ""zh"": ""无论受众如何，都能有效地沟通。""}",0,74e05efa-3259-4da5-9d3e-e866a0ab36ad
2019-07-12 16:37:42.305 +0000,Improve how you care for your physical and emotional self.,"{""de"": ""Kümmern Sie sich besser um Ihr körperliches und emotionales Selbst."", ""en"": ""Improve how you care for your physical and emotional self."", ""es"": ""Mejora cómo cuidas tu ser físico y emocional."", ""fr"": ""Mieux prendre soin de votre condition physique et émotionnelle."", ""ja"": ""身体的・精神的な自己をケア方法の改善。"", ""pt"": ""Melhorar os cuidados com o seu aspecto físico e emocional."", ""ru"": ""Повышение эффективности заботы о своем физическом и эмоциональном состоянии."", ""zh"": ""改善你照顾自己的身体和情绪的方式。"", ""en-US"": ""Improve how you care for your physical and emotional self.""}",<p><br></p>,46,Well-Being,"{""de"": ""Wohlergehen"", ""en"": ""Well-Being"", ""es"": ""Bienestar"", ""fr"": ""Bien-être"", ""ja"": ""ウェルビーイング"", ""pt"": ""Bem-estar"", ""ru"": ""Благополучие и самочувствие"", ""zh"": ""幸福感""}",2.0,2022-06-27 20:08:25.823 +0000,2023-05-04 15:56:39.200 +0000,2023-05-04 15:50:00.858 +0000,2023-05-04 15:51:07.526 +0000,1683215400942562001,1570220153216,https://buapp-prod-encrypted.s3.amazonaws.com/resources/topic-themes/heart-in-hands.png,well_being,"{""de"": ""Kümmern Sie sich besser um ihr körperliches und emotionales Selbst."", ""en"": ""Improve how they care for their physical and emotional self."", ""es"": ""Mejorar la forma de cuidar de sí mismos física y emocionalmente."", ""fr"": ""Mieux prendre soin de sa condition physique et émotionnelle."", ""ja"": ""彼らの身体的・精神的な自己ケア方法の改善。"", ""pt"": ""Melhorar os cuidados com os seus aspectos físicos e emocionais."", ""ru"": ""Этот человек повышает эффективность заботы о своем физическом и эмоциональном состоянии."", ""zh"": ""改善他们照顾自己的身体和情绪的方式。""}",20941,bc39fa09-f1e3-40dc-8b63-f19bfa1448fb
2018-03-06 16:00:00.000 +0000,"<p>The connection between employee well-being and benefits to organizations are well established. Employees with lower stress levels are more engaged, productive, and have lower absenteeism than those with higher stress levels. Furthermore, employee well-being is associated with greater employee performance, and research suggests that a leader's positive mood can even support better team functioning.</p>",,<p><a href=""https://www.gallup.com/workplace/237059/employee-burnout-part-main-causes.aspx?g_source=WWWV9&amp;g_medium=csm&amp;g_campaign=syndication"" target=""_blank"">Employee Burnout- the 5 main causes</a></p><p><a href=""https://www.forbes.com/sites/karenhigginbottom/2014/09/11/workplace-stress-leads-to-less-productive-employees/#c2414de31d19"" target=""_blank"">Workplace stress leads to less productive employees</a></p><p><a href=""https://www.hult.edu/blog/how-sleep-deprivation-affects-work-and-performance/"" target=""_blank"">Sleep deprivation affects performance</a></p>,10,Cultivating Well-Being,"{""de"": ""Durch Pflege des Wohlergehens"", ""en"": ""Cultivating Well-Being"", ""es"": ""Cultivar el bienestar"", ""fr"": ""Cultiver le bien-être"", ""ja"": ""ウェルビーイングを育む"", ""pt"": ""Cultivar o Bem-estar"", ""ru"": ""Культивирование благополучия и самочувствия"", ""zh"": ""培养幸福感""}",1.0,2022-03-09 19:42:02.971 +0000,2022-03-09 19:54:10.875 +0000,2022-03-09 19:47:26.039 +0000,2022-03-09 19:48:08.240 +0000,1646855246139579008,1570220153216,https://buapp-prod-encrypted.s3-us-west-2.amazonaws.com/resources/topic-themes/placeholder.png,cultivating_well_being,,4,
2019-07-12 16:37:42.096 +0000,,"{""de"": ""Das Treffen von strategischen Entscheidungen und das Managen komplexer Projekte verbessern."", ""en"": ""Improve strategic decision making and managing complex projects."", ""es"": ""Mejora la toma de decisiones estratégicas y la gestión de proyectos complejos."", ""fr"": ""Améliorer la prise de décision stratégique et la gestion de projets complexes."", ""ja"": ""戦略的意思決定の改善と複雑なプロジェクトの管理。"", ""pt"": ""Melhorar a tomada de decisão estratégica e o gerenciamento de projetos complexos."", ""ru"": ""Более эффективное принятие стратегических решений и управление сложными проектами."", ""zh"": ""提升制定战略决策和管理复杂项目。"", ""en-US"": ""Improve strategic decision making and managing complex projects.""}",<p><br></p>,41,Strategic Management,"{""de"": ""Strategisches Management"", ""en"": ""Strategic Management"", ""es"": ""Gestión estratégica"", ""fr"": ""Gestion stratégique"", ""ja"": ""戦略的マネジメント"", ""pt"": ""Gestão Estratégica"", ""ru"": ""Стратегическое управление"", ""zh"": ""战略管理""}",2.0,2022-03-09 19:42:03.203 +0000,2022-03-09 19:54:10.876 +0000,2022-03-09 19:47:26.039 +0000,2022-03-09 19:48:08.240 +0000,1646855246139740025,1570220153216,https://buapp-prod-encrypted.s3.amazonaws.com/resources/topic-themes/chess-pieces-stacked.png,strategic_management,"{""de"": ""Das Treffen von strategischen Entscheidungen und das Managen komplexer Projekte verbessern."", ""en"": ""Improve strategic decision making and managing complex projects."", ""es"": ""Mejora la toma de decisiones estratégicas y la gestión de proyectos complejos."", ""fr"": ""Améliorer la prise de décision stratégique et la gestion de projets complexes."", ""ja"": ""戦略的意思決定の改善と複雑なプロジェクトの管理。"", ""pt"": ""Melhorar a tomada de decisão estratégica e o gerenciamento de projetos complexos."", ""ru"": ""Более эффективное принятие стратегических решений и управление сложными проектами."", ""zh"": ""提升制定战略决策和管理复杂项目。""}",6550,
2018-03-06 16:00:00.000 +0000,"<p><span style=""color: rgb(0, 0, 0);"">Research suggests that using effective influence strategies results in higher levels of effectiveness at work and commitment from others. In contrast, certain influence tactics such as appealing to one's positional authority can actually backfire and leave others less motivated to follow through with your request. As a result, effective influence is a key skill not just for individuals, but also for building a culture of trust and commitment.</span></p>",,"<p><a href=""https://hbr.org/2018/02/how-to-increase-your-influence-at-work"" target=""_blank"">HBR: How to Increase Your Influence at Work</a></p><p><a href=""https://psycnet.apa.org/record/1992-45063-001"" target=""_blank"">9 influence tactics related to task commitment and manager effectiveness - Yukl &amp; Tracey, 1992</a></p>",15,Effective Influencing,"{""de"": ""Durch effektive Beeinflussung"", ""en"": ""Effective Influencing"", ""es"": ""Influencia efectiva"", ""fr"": ""Influence efficace"", ""ja"": ""効果的な影響力"", ""pt"": ""Influenciar de Maneira Eficaz"", ""ru"": ""Эффективное влияние на других"", ""zh"": ""有效影响""}",1.0,2022-03-09 19:42:03.011 +0000,2022-03-09 19:54:10.875 +0000,2022-03-09 19:47:26.039 +0000,2022-03-09 19:48:08.240 +0000,1646855246139602011,1570220153216,https://buapp-prod-encrypted.s3-us-west-2.amazonaws.com/resources/topic-themes/placeholder.png,effective_influencing,,0,
2019-07-12 16:37:42.227 +0000,,"{""de"": ""Effektives Kommunizieren vor großem und kleinem Zuhörerkreis"", ""en"": ""Effectively communicate to audiences large and small."", ""es"": ""Comunícate efectivamente con audiencias grandes y pequeñas."", ""fr"": ""Communiquer efficacement avec des audiences de toutes tailles."", ""ja"": ""大小の聴衆に効果的に伝える。"", ""pt"": ""Comunicar-se de maneira eficaz com grandes e pequenas plateias."", ""ru"": ""Эффективная коммуникация с большими и малыми аудиториями."", ""zh"": ""无论受众如何，都能有效地沟通。"", ""en-US"": ""Effectively communicate to audiences large and small.""}",<p><br></p>,44,Communication,"{""de"": ""Kommunikation"", ""en"": ""Communication"", ""es"": ""Comunicación"", ""fr"": ""Communication"", ""ja"": ""コミュニケーション"", ""pt"": ""Comunicação"", ""ru"": ""Коммуникация"", ""zh"": ""沟通""}",2.0,2022-03-09 19:42:02.930 +0000,2022-03-09 19:54:10.874 +0000,2022-03-09 19:47:26.039 +0000,2022-03-09 19:48:08.240 +0000,1646855246139556005,1570220153216,https://buapp-prod-encrypted.s3.amazonaws.com/resources/topic-themes/multiple-microphones.png,communication,"{""de"": ""Effektives Kommunizieren vor großem und kleinem Zuhörerkreis"", ""en"": ""Effectively communicate to audiences large and small."", ""es"": ""Comunícate efectivamente con audiencias grandes y pequeñas."", ""fr"": ""Communiquer efficacement avec des audiences de toutes tailles."", ""ja"": ""大小の聴衆に効果的に伝える。"", ""pt"": ""Comunicar-se de maneira eficaz com grandes e pequenas plateias."", ""ru"": ""Эффективная коммуникация с большими и малыми аудиториями."", ""zh"": ""无论受众如何，都能有效地沟通。""}",10488,
2019-07-12 16:37:42.271 +0000,,"{""de"": ""Fokus und Produktivität steigern, um maximale Wirkung zu erzielen."", ""en"": ""Increase focus and productivity to drive maximum impact."", ""es"": ""Aumenta la concentración y la productividad para generar el máximo impacto."", ""fr"": ""Augmenter son niveau de concentration et sa productivité pour optimiser la portée de ses actions."", ""ja"": ""集中力と生産性を高め、最大限の効果を引き出す。"", ""pt"": ""Aumentar o foco e a produtividade para causar o máximo impacto."", ""ru"": ""Повышение уровня сосредоточенности и продуктивности для достижения максимального эффекта."", ""zh"": ""提升注意持久度和工作效率以产生最大的影响。"", ""en-US"": ""Increase focus and productivity to drive maximum impact.""}",<p><br></p>,45,Time Management and Productivity,"{""de"": ""Zeitmanagement und Produktivität"", ""en"": ""Time Management and Productivity"", ""es"": ""Gestión del tiempo y productividad"", ""fr"": ""Gestion du temps et productivité"", ""ja"": ""時間の管理と生産性"", ""pt"": ""Gestão do Tempo e da Produtividade"", ""ru"": ""Тайм-менеджмент и продуктивность"", ""zh"": ""时间管理和工作效率""}",2.0,2022-03-09 19:42:03.218 +0000,2022-03-09 19:54:10.876 +0000,2022-03-09 19:47:26.039 +0000,2022-03-09 19:48:08.240 +0000,1646855246139752026,1570220153216,https://buapp-prod-encrypted.s3.amazonaws.com/resources/topic-themes/stopwatch-in-hand.png,time_management_and_productivity,"{""de"": ""Fokus und Produktivität steigern, um maximale Wirkung zu erzielen."", ""en"": ""Increase focus and productivity to drive maximum impact."", ""es"": ""Aumenta la concentración y la productividad para generar el máximo impacto."", ""fr"": ""Augmenter son niveau de concentration et sa productivité pour optimiser la portée de ses actions."", ""ja"": ""集中力と生産性を高め、最大限の効果を引き出す。"", ""pt"": ""Aumentar o foco e a produtividade para causar o máximo impacto."", ""ru"": ""Повышение уровня сосредоточенности и продуктивности для достижения максимального эффекта."", ""zh"": ""提升注意持久度和工作效率以产生最大的影响。""}",6083,
2018-03-06 16:00:00.000 +0000,"<p><span style=""color: rgb(0, 0, 0);"">Employees produce more, work more, stay at companies longer and will sacrifice higher pay if they find meaning in their work - based on data from&nbsp;2,285 American professionals across 26 industries and a range of company sizes, occupations and demographics (The Meaning and Purpose at Work study)</span></p><ul><li><strong style=""color: rgb(0, 0, 0);"">Nine of 10 workers will trade money for meaning.</strong><span style=""color: rgb(0, 0, 0);"">&nbsp;On average, they’d sacrifice 23 percent of future earnings —an average of $21,000 a year—for work that is always meaningful.</span></li><li><strong style=""color: rgb(0, 0, 0);"">Meaningful work retains, inspires talent.</strong><span style=""color: rgb(0, 0, 0);"">&nbsp;Employees who find their work highly meaningful stay at jobs for an average of 7.4 months longer than employees who find work lacking meaning. When managers find jobs highly meaningful, turnover rates plummet to 1.5 percent, less than half the national average</span></li></ul><p><br></p>",,"<p><a href=""https://www.betterup.co/en-us/about/news-press/press-releases/workers-value-meaning-at-work-new-research-from-betterup-shows-just-how-much-theyre-willing-to-pay-for-it/"" target=""_blank"">BetterUp: Workers value meaning at work</a></p><p><a href=""https://hbr.org/2018/03/americas-loneliest-workers-according-to-research?referral=03759&amp;cm_vc=rr_item_page.bottom"" target=""_blank"">BetterUp X HBR: America's Loneliest Workers, According to Research</a></p><p><br></p>",8,Finding purpose and meaning at work,"{""de"": ""Durch Finden von Sinn und Zweck bei der Arbeit"", ""en"": ""Finding purpose and meaning at work"", ""es"": ""Encontrar propósito y significado en el trabajo"", ""fr"": ""Trouver sens et raison d’être au travail"", ""ja"": ""仕事における目的と意義を見出す"", ""pt"": ""Encontrar propósito e sentido no trabalho"", ""ru"": ""Поиск предназначения и смысла в работе"", ""zh"": ""在工作中找到目标与意义""}",1.0,2022-03-09 19:42:03.039 +0000,2022-03-09 19:54:10.875 +0000,2022-03-09 19:47:26.039 +0000,2022-03-09 19:48:08.240 +0000,1646855246139618013,1570220153216,https://buapp-prod-encrypted.s3-us-west-2.amazonaws.com/resources/topic-themes/placeholder.png,finding_purpose_and_meaning_at_work,,3,
2018-03-06 16:00:00.000 +0000,"<p><span style=""color: rgb(0, 0, 0);"">Growth mindset is the belief that talent is developable rather than fixed. Having a growth mindset has many benefits to individuals and organization. It has been found to increase job satisfaction, improve job performance, increase the effectiveness of job training, help employees be more open to feedback, and persist in the face of setbacks.</span></p>",,<p><a href=""https://psycnet.apa.org/record/1999-15531-003"" target=""_blank"">Goal Orientation and goal content as predicators of performance</a></p><p><a href=""https://hbr.org/2016/01/what-having-a-growth-mindset-actually-means"" target=""_blank"">What Having a Growth Mindset Actually Means</a></p>,14,Cultivating Growth Mindset,"{""de"": ""Durch Pflege der Wachstumsmentalität"", ""en"": ""Cultivating Growth Mindset"", ""es"": ""Cultivar la orientación al crecimiento"", ""fr"": ""Cultiver la réceptivité au développement de soi"", ""ja"": ""成長型マインドセットを育む"", ""pt"": ""Cultivar um Mindset de Crescimento"", ""ru"": ""Культивирование направленности на личностный рост"", ""zh"": ""培养发展意识""}",1.0,2022-03-09 19:42:02.956 +0000,2022-03-09 19:54:10.875 +0000,2022-03-09 19:47:26.039 +0000,2022-03-09 19:48:08.240 +0000,1646855246139571007,1570220153216,https://buapp-prod-encrypted.s3-us-west-2.amazonaws.com/resources/topic-themes/placeholder.png,cultivating_growth_mindset,,0,
2018-03-06 16:00:00.000 +0000,"<p><span style=""color: rgb(0, 0, 0);"">Research estimates that 25% of people experience discomfort speaking in front of groups. However, effective presentation skills are extremely valuable for sharing information, getting buy-in, and inspiring others. Therefore learning to tell a compelling story, understand your audience, and manage the emotions that come along with speaking in front of groups can have a significant positive impact on the organization as a whole.</span></p>",,<p><a href=""https://www.psychologytoday.com/us/blog/smashing-the-brainblocks/201711/why-are-we-scared-public-speaking"" target=""_blank"">Why are we scared of public speaking?</a></p><p><a href=""https://hbr.org/2003/06/storytelling-that-moves-people"" target=""_blank"">Storytelling That Moves People</a></p>,19,Compelling Presentations,"{""de"": ""Durch überzeugende Präsentationen"", ""en"": ""Compelling Presentations"", ""es"": ""Presentaciones convincentes"", ""fr"": ""Présentations convaincantes"", ""ja"": ""説得力のあるプレゼンテーション"", ""pt"": ""Apresentações Impactantes"", ""ru"": ""Убедительные презентации"", ""zh"": ""令人信服的简报""}",1.0,2022-03-09 19:42:02.943 +0000,2022-03-09 19:54:10.874 +0000,2022-03-09 19:47:26.039 +0000,2022-03-09 19:48:08.240 +0000,1646855246139564006,1570220153216,https://buapp-prod-encrypted.s3-us-west-2.amazonaws.com/resources/topic-themes/placeholder.png,compelling_presentations,,0,
2018-03-06 16:00:00.000 +0000,"<p><span style=""color: rgb(0, 0, 0);"">According to research, organizations who provide opportunities for career development are six times more likely to engage their talent than those who do not.&nbsp;This is particularly true for Millennial employees who place grater value on growth and development.&nbsp;As a result, helping employees develop their long-term career plan can keep them engaged by envisioning a future career path that they can work to achieve.</span></p><p><br></p><p><br></p>",,<p><a href=""https://www.right.com/wps/wcm/connect/right-us-en/home/thoughtwire/categories/media-center/Only-1-in-10-Employees-Define-Success-at-Work-as-High-Performance"" target=""_blank"">Only 1 in 10 Employees Define Success at Work as High Performance&nbsp;</a></p><p><a href=""https://www.gallup.com/workplace/236438/millennials-jobs-development-opportunities.aspx"" target=""_blank"">Millennials Want Jobs to Be Development Opportunities </a></p><p><br></p>,3,Making a Career Plan,"{""de"": ""Durch Aufstellen eines Karriereplans"", ""en"": ""Making a Career Plan"", ""es"": ""Preparar un plan de carrera profesional"", ""fr"": ""Établir un plan de carrière"", ""ja"": ""キャリアプランの作成"", ""pt"": ""Elaborar um Plano de Carreira"", ""ru"": ""Составление карьерного плана"", ""zh"": ""制定职业规划""}",1.0,2022-06-27 20:08:25.755 +0000,2022-06-27 20:54:26.837 +0000,2022-06-27 20:47:37.044 +0000,2022-06-27 20:47:47.080 +0000,1656362857113634012,1570220153216,https://buapp-prod-encrypted.s3-us-west-2.amazonaws.com/resources/topic-themes/placeholder.png,making_a_career_plan,,250,
2018-03-06 16:00:00.000 +0000,"<p><span style=""color: rgb(0, 0, 0);"">In the modern workplace, it can be difficult to engage in deep work due to constant interruptions from modern technology, meetings, and multiple priorities competing for our attention. However, the improved focus has been associated with job performance, satisfaction, and commitment, as well as lower turnover and absenteeism. As a result, developing employees' ability to focus can have significant benefits to organizations.</span></p>",,<p><a href=""https://hbr.org/2019/03/stop-letting-push-notifications-ruin-your-productivity"" target=""_blank"">Stop Letting Push Notifications Ruin Your Productivity</a></p><p><a href=""https://www.emeraldinsight.com/doi/abs/10.1108/02683940910959735?journalCode=jmp&amp;"" target=""_blank"">Relationships of personality and job characteristics with organization-based self-esteem</a></p>,13,Improving Focus,"{""de"": ""Durch Verbesserung des Fokus"", ""en"": ""Improving Focus"", ""es"": ""Mejorar el enfoque"", ""fr"": ""Améliorer sa concentration"", ""ja"": ""集中力の向上"", ""pt"": ""Aumentar o Foco"", ""ru"": ""Повышение сосредоточенности"", ""zh"": ""提高注意持久度""}",1.0,2022-06-27 20:08:25.728 +0000,2022-06-27 20:54:26.837 +0000,2022-06-27 20:47:37.044 +0000,2022-06-27 20:47:47.080 +0000,1656362857113595009,1570220153216,https://buapp-prod-encrypted.s3-us-west-2.amazonaws.com/resources/topic-themes/placeholder.png,improving_focus,,1,
2018-03-06 16:00:00.000 +0000,"<p><span style=""color: rgb(0, 0, 0); background-color: rgb(255, 255, 255);"">Higher levels of emotional intelligence has been linked to job performance as well as leader effectiveness. Specifically, the ability to perceive and regulate the emotions of ourselves and others is a key skill for building trusting relationships and operating effectively within organizations. Increased empathy also improves our ability to work across cultures, which can be an important skill for improving inclusiveness in the workplace.</span></p>",,<p><a href=""https://onlinelibrary.wiley.com/doi/abs/10.1002/job.714"" target=""_blank"">The Relationship between Emotional Intelligence and Job Performance</a></p><p><a href=""https://hbr.org/2015/09/empathy-is-still-lacking-in-the-leaders-who-need-it-most"" target=""_blank"">Empathy Is Still Lacking in The Leaders Who Need It The Most</a></p>,7,Developing Emotional Intelligence,"{""de"": ""Durch Entwickeln emotionaler Intelligenz"", ""en"": ""Developing Emotional Intelligence"", ""es"": ""Desarrollar la inteligencia emocional"", ""fr"": ""Développer son intelligence émotionnelle"", ""ja"": ""エモーショナル・インテリジェンスを育む"", ""pt"": ""Desenvolver Inteligência Emocional"", ""ru"": ""Развитие эмоционального интеллекта"", ""zh"": ""培养情商""}",1.0,2022-06-27 20:08:25.685 +0000,2022-06-27 20:54:26.836 +0000,2022-06-27 20:47:37.044 +0000,2022-06-27 20:47:47.080 +0000,1656362857113542005,1570220153216,https://buapp-prod-encrypted.s3-us-west-2.amazonaws.com/resources/topic-themes/placeholder.png,developing_emotional_intelligence,,2,
2018-03-06 16:00:00.000 +0000,"<p>Self-awareness has been cited as the most important capability for leaders to develop.&nbsp;A study also found that self-awareness impacts companies’ bottom line. In a study of the stock performance of 486 publicly traded companies,&nbsp;Korn/Ferry International&nbsp;found that companies with strong financial performance tend to have employees with higher levels of self-awareness than poorly performing companies.</p>",,"<p><a href=""https://hbr.org/2012/07/how-leaders-become-self-aware"" target=""_blank"" style=""background-color: rgb(255, 255, 255); color: rgb(0, 82, 204);"">HBR: How leaders become self-aware</a></p><p><a href=""https://www.forbes.com/sites/ellevate/2018/02/15/self-awareness-being-more-of-what-makes-you-great/#5702099d40dd"" target=""_blank"" style=""background-color: rgb(255, 255, 255); color: rgb(0, 82, 204);"">Great Leadership Starts With Self-Awareness</a></p>",20,Developing Self-Awareness,"{""de"": ""Durch Entwickeln der Selbstwahrnehmung"", ""en"": ""Developing Self-Awareness"", ""es"": ""Desarrollar la autoconciencia"", ""fr"": ""Développer la conscience de soi"", ""ja"": ""自己認識を育む"", ""pt"": ""Desenvolver a Autoconsciência"", ""ru"": ""Развитие самоосознания"", ""zh"": ""发展自我意识""}",1.0,2022-06-27 20:08:25.696 +0000,2022-06-27 20:54:26.836 +0000,2022-06-27 20:47:37.044 +0000,2022-06-27 20:47:47.080 +0000,1656362857113555006,1570220153216,https://buapp-prod-encrypted.s3-us-west-2.amazonaws.com/resources/topic-themes/placeholder.png,developing_self_awareness,,0,
2019-07-12 16:37:42.173 +0000,,"{""de"": ""Verbessern Sie Ihr Auftreten als Führungskraft und Ihren Einflussbereich."", ""en"": ""Enhance your executive presence and realm of influence."", ""es"": ""Mejora tu presencia ejecutiva y tu ámbito de influencia."", ""fr"": ""Renforcer sa présence de leader et augmenter son niveau d’influence."", ""ja"": ""エグゼクティブの存在感を高め、影響力を発揮する。"", ""pt"": ""Aumentar sua presença executiva e o alcance da sua influência."", ""ru"": ""Повышение своего авторитета руководителя и сферы влияния."", ""zh"": ""提升你的领导者气质和影响力。"", ""en-US"": ""Enhance your executive presence and realm of influence.""}",<p><br></p>,43,Influence,"{""de"": ""Einfluss"", ""en"": ""Influence"", ""es"": ""Influencia"", ""fr"": ""Influence"", ""ja"": ""影響力"", ""pt"": ""Influência"", ""ru"": ""Влияние"", ""zh"": ""影响力""}",2.0,2022-06-27 20:08:25.737 +0000,2022-06-27 20:54:26.837 +0000,2022-06-27 20:47:37.044 +0000,2022-06-27 20:47:47.080 +0000,1656362857113608010,1570220153216,https://buapp-prod-encrypted.s3.amazonaws.com/resources/topic-themes/magnet-and-people.png,influence,"{""de"": ""Verbessern Sie ihr Auftreten als Führungskraft und Ihren Einflussbereich."", ""en"": ""Enhance their executive presence and realm of influence."", ""es"": ""Ampliar su presencia ejecutiva y su ámbito de influencia."", ""fr"": ""Renforcer sa présence de leader et augmenter son niveau d’influence."", ""ja"": ""彼らのエグゼクティブの存在感を高め、影響力を発揮する。"", ""pt"": ""Aumentar suas presenças executivas e o alcance das suas influências."", ""ru"": ""Этот человек повышает свой авторитет руководителя и сферы влияния."", ""zh"": ""提升他们的领导者气质和影响力。""}",11829,
2019-07-12 16:37:42.140 +0000,,"{""de"": ""Nehmen Sie Ihre Karriere in die Hand oder halten Sie Kurs durch einen beruflichen Wechsel."", ""en"": ""Take ownership of your career path or navigate a transition."", ""es"": ""Reconoce tu trayectoria profesional o aborda una transición."", ""fr"": ""Prendre en main son plan de carrière ou vivre une transition."", ""ja"": ""キャリアパスの所有権を持つ、または移行を乗り越える。"", ""pt"": ""Assumir o controle da sua trajetória profissional ou enfrentar uma transição."", ""ru"": ""Возьмите под контроль свою карьеру или преодолейте трудности переходного периода."", ""zh"": ""掌控自己的职业道路或成功完成过渡。"", ""en-US"": ""Take ownership of your career path or navigate a transition.""}",<p><br></p>,42,Career Development,"{""de"": ""Karriere"", ""en"": ""Career Development"", ""es"": ""Desarrollo profesional"", ""fr"": ""Développement de carrière"", ""ja"": ""キャリア開発"", ""pt"": ""Desenvolvimento de Carreira"", ""ru"": ""Профессиональное развитие"", ""zh"": ""职业发展""}",2.0,2022-06-27 20:08:25.669 +0000,2022-06-27 20:54:26.836 +0000,2022-06-27 20:47:37.044 +0000,2022-06-27 20:47:47.080 +0000,1656362857113528004,1570220153216,https://buapp-prod-encrypted.s3.amazonaws.com/resources/topic-themes/nested-doors.png,career_development,"{""de"": ""Nehmen Sie ihre berufliche Karriere in die Hand oder halten Sie Kurs durch einen Wechsel."", ""en"": ""Take ownership of their career path or navigate a transition."", ""es"": ""Hacerse cargo de su trayectoria profesional o superar una transición."", ""fr"": ""Prendre en main son plan de carrière ou vivre une transition."", ""ja"": ""彼らのキャリアパスの所有権を持つ、または移行を乗り越える。"", ""pt"": ""Assumir o controle das suas trajetórias profissionais ou enfrentar uma transição."", ""ru"": ""Этот человек берет под контроль свою карьеру или преодолевает трудности переходного периода."", ""zh"": ""掌控他们的职业道路或成功完成过渡。""}",5179,
2018-03-06 16:00:00.000 +0000,"<p><span style=""color: rgb(0, 0, 0);"">Change can be difficult to navigate and has been associated with </span><span style=""color: rgb(0, 0, 0); background-color: rgb(255, 255, 255);"">with higher levels of stress and burnout. Our data shows that employees who have access to BetterUp </span><span style=""color: rgb(0, 0, 0);"">are better able to cope with stress, achieving 14% lower stress and 12% decreases in burnout. As a result, BetterUp can be a powerful tool for helping employees cope effectively with change and avoid the negative repercussions that can affect job performance.</span></p>",,"<p><a href=""https://hbr.org/2018/03/americas-loneliest-workers-according-to-research?referral=03759&amp;cm_vc=rr_item_page.bottom"" target=""_blank"">BetterUp X HBR: America's Loneliest Workers, According to Research</a></p><p><a href=""https://hbr.org/2018/12/how-to-embrace-change-using-emotional-intelligence"" target=""_blank"">How to Embrace Change Using Emotional Intelligence</a></p><p><br></p>",16,Navigating Change,"{""de"": ""Durch Kurshalten im Wandel"", ""en"": ""Navigating Change"", ""es"": ""Superar el cambio"", ""fr"": ""Trouver sa place lors d’un changement"", ""ja"": ""変化を乗り切る"", ""pt"": ""Atravessar Mudanças"", ""ru"": ""Преодоление изменений"", ""zh"": ""设法完成改变""}",1.0,2022-06-27 20:08:25.783 +0000,2022-06-27 20:54:26.837 +0000,2022-06-27 20:47:37.044 +0000,2022-06-27 20:47:47.080 +0000,1656362857113674015,1570220153216,https://buapp-prod-encrypted.s3-us-west-2.amazonaws.com/resources/topic-themes/placeholder.png,navigating_change,,0,
2018-03-06 16:00:00.000 +0000,"<p><span style=""color: rgb(0, 0, 0);"">Loneliness has been called a modern epidemic. However, high-quality relationships are associated with job performance, creativity, satisfaction, commitment, and lower turnover. As a result, helping employees develop and navigate their personal relationships can support organizational outcomes and build social capital within the organization.</span></p>",,"<p><a href=""https://hbr.org/2018/03/americas-loneliest-workers-according-to-research?referral=03759&amp;cm_vc=rr_item_page.bottom"" target=""_blank"">BetterUp X HBR: America's Loneliest Workers, According to Research</a></p><p><br></p>",11,Personal Relationships,"{""de"": ""Durch persönliche Beziehungen"", ""en"": ""Personal Relationships"", ""es"": ""Relaciones interpersonales"", ""fr"": ""Relations personnelles"", ""ja"": ""個人的な人間関係"", ""pt"": ""Relacionamentos Pessoais"", ""ru"": ""Личные отношения"", ""zh"": ""人际关系""}",1.0,2022-06-27 20:08:25.793 +0000,2022-06-27 20:54:26.837 +0000,2022-06-27 20:47:37.044 +0000,2022-06-27 20:47:47.080 +0000,1656362857113687016,1570220153216,https://buapp-prod-encrypted.s3-us-west-2.amazonaws.com/resources/topic-themes/placeholder.png,personal_relationships,,0,
2018-03-06 16:00:00.000 +0000,"<p><span style=""color: rgb(0, 0, 0); background-color: rgb(255, 255, 255);"">BetterUp's research suggests that employees with stronger relationships at work have higher job satisfaction, more promotions, lower turnover, and better business outcomes. Furthermore, an investigation at Google about what makes for an effective team found that the proper mix of backgrounds and personalities did not appear to predict high performance, but rather&nbsp;the most important factor was the climate of trust on the team, or what researchers refer to as psychological safety.</span></p>",,"<p><a href=""https://hbr.org/2018/03/americas-loneliest-workers-according-to-research?referral=03759&amp;cm_vc=rr_item_page.bottom"" target=""_blank"">BetterUp X HBR: America's Loneliest Workers - According to Research</a></p><p><a href=""https://www.inc.com/michael-schneider/google-thought-they-knew-how-to-create-the-perfect.html"" target=""_blank"" style=""background-color: rgb(255, 255, 255); color: rgb(0, 82, 204);"">Google Spent 2 Years Studying 180 Teams. The Most Successful Ones Shared These 5 Trait</a><span style=""background-color: rgb(255, 255, 255); color: rgb(33, 37, 41);"">&nbsp;</span></p><p><a href=""https://hbr.org/2019/02/the-3-elements-of-trust"" target=""_blank"" style=""background-color: rgb(255, 255, 255); color: rgb(0, 82, 204);"">HBR: Three Elements of Trust</a></p><p><a href=""https://psycnet.apa.org/record/2007-09571-002"" target=""_blank"">Trust and Job Performance</a></p>",1,Building Relationships and Trust,"{""de"": ""Durch Aufbau von Beziehungen und Vertrauen"", ""en"": ""Building Relationships and Trust"", ""es"": ""Desarrollar relaciones y certidumbre"", ""fr"": ""Développer des relations interpersonnelles et la confiance"", ""ja"": ""人間関係の構築と信頼関係の構築"", ""pt"": ""Construir Relacionamentos e Confiança"", ""ru"": ""Установление отношений и доверия"", ""zh"": ""建立和睦关系与互信""}",1.0,2022-06-27 20:08:25.661 +0000,2022-06-27 20:54:26.836 +0000,2022-06-27 20:47:37.044 +0000,2022-06-27 20:47:47.080 +0000,1656362857113514003,1570220153216,https://buapp-prod-encrypted.s3-us-west-2.amazonaws.com/resources/topic-themes/placeholder.png,building_relationships_and_trust,,3,
2018-03-06 16:00:00.000 +0000,"<p><span style=""color: rgb(0, 0, 0);"">Career transitions are difficult to navigate and result in a temporary decline in performance as employees adjust. Providing additional support during these intense transitions can help employees cope more effectively, get up to speed more quickly, and result in better long-term planning.</span></p>",,"<p><a href=""https://hbr.org/2018/12/to-retain-new-hires-spend-more-time-onboarding-them"" target=""_blank"">To Retain New Hires, Spend More Time Onboarding Them</a></p><p><a href=""https://hbr.org/2010/01/managing-yourself-five-ways-to-bungle-a-job-change"" target=""_blank"">Managing Yourself: Five Ways to Bungle a Job Change</a></p>",4,Navigating Career Transitions,"{""de"": ""Durch Kurshalten während Übergängen in der Karriere"", ""en"": ""Navigating Career Transitions"", ""es"": ""Superar las transiciones de la carrera profesional"", ""fr"": ""Vivre des transitions de carrière"", ""ja"": ""キャリアの転換期を乗り切る"", ""pt"": ""Enfrentar Transições Profissionais"", ""ru"": ""Преодоление переходных периодов в карьере"", ""zh"": ""成功完成职业过渡""}",1.0,2022-06-27 20:08:25.774 +0000,2022-06-27 20:54:26.837 +0000,2022-06-27 20:47:37.044 +0000,2022-06-27 20:47:47.080 +0000,1656362857113660014,1570220153216,https://buapp-prod-encrypted.s3-us-west-2.amazonaws.com/resources/topic-themes/placeholder.png,navigating_career_transitions,,0,
2018-03-06 16:00:00.000 +0000,"<p><span style=""color: rgb(0, 0, 0); background-color: rgb(255, 255, 255);"">Managing conflict and having difficult conversations is a challenge everyone experiences at some point in their career. However, research&nbsp;suggests&nbsp;that higher levels of&nbsp;emotional intelligence is associated with better relationships and fewer negative interactions. By developing the right emotional skills like self-awareness, empathy, and self-regulation, these conversations can lead to significant growth and stronger relationships.&nbsp;</span></p>",,"<p><a href=""https://hbr.org/2017/05/how-to-have-difficult-conversations-when-you-dont-like-conflict?autocomplete=true"" target=""_blank"">How to Have Difficult Conversations When You Don’t Like Conflict</a></p><p><a href=""https://www.sciencedirect.com/science/article/pii/S0191886902002428"" target=""_blank"">Emotional intelligence, personality, and the perceived quality of social relationships</a></p>",6,Managing Difficult Conversations,"{""de"": ""Durch das Meistern schwieriger Gespräche"", ""en"": ""Managing Difficult Conversations"", ""es"": ""Manejar las conversaciones difíciles"", ""fr"": ""Gérer des conversations délicates"", ""ja"": ""難しい会話の管理"", ""pt"": ""Conduzir Conversas Difíceis"", ""ru"": ""Разрешение трудных ситуаций"", ""zh"": ""设法完成艰难的对话""}",1.0,2022-06-27 20:08:25.764 +0000,2022-06-27 20:54:26.837 +0000,2022-06-27 20:47:37.044 +0000,2022-06-27 20:47:47.080 +0000,1656362857113647013,1570220153216,https://buapp-prod-encrypted.s3-us-west-2.amazonaws.com/resources/topic-themes/placeholder.png,managing_difficult_conversations,,0,
2018-03-06 16:00:00.000 +0000,"<p><span style=""color: rgb(0, 0, 0);"">Executive presence is considered a ""make-or-break"" quality for advancing to a senior leadership role, however, it is often hard to describe and difficult to develop. Presence starts with self-confidence, and employees who work with BetterUp report 6% higher self-confidence after working with BetterUp than when they started. In addition, making small changes in our non-verbal behaviors can make a significant impact on how others perceive our abilities.&nbsp;</span></p><p><br></p>",,"<p><a href=""https://hbr.org/2012/08/de-constructing-executive-pres"" target=""_blank"" style=""background-color: rgb(255, 255, 255); color: rgb(0, 82, 204);"">Deconstructing Executive Presense</a></p><p><a href=""https://hbr.org/2018/05/5-ways-to-project-confidence-in-front-of-an-audience"" target=""_blank"" style=""background-color: rgb(255, 255, 255); color: rgb(0, 82, 204);"">5 Ways to Project Confidence in Front of an Audience</a></p>",9,Showing Up With Presence,"{""de"": ""Durch Auftreten auffallen"", ""en"": ""Showing Up With Presence"", ""es"": ""Manifestarse con presencia"", ""fr"": ""Avoir de la prestance"", ""ja"": ""存在感を示す"", ""pt"": ""Mostrar-se Presente"", ""ru"": ""Демонстрация авторитета"", ""zh"": ""展现出领导者气质""}",1.0,2022-06-27 20:08:25.811 +0000,2022-06-27 20:54:26.837 +0000,2022-06-27 20:47:37.044 +0000,2022-06-27 20:47:47.080 +0000,1656362857113712018,1570220153216,https://buapp-prod-encrypted.s3-us-west-2.amazonaws.com/resources/topic-themes/placeholder.png,showing_up_with_presence,,0,
2018-03-06 16:00:00.000 +0000,"<p><span style=""color: rgb(0, 0, 0); background-color: rgb(255, 255, 255);"">Research has found that mindfulness helps us to stay focused longer, cope with stress better, improves our memory, and even enables us to be more generous and&nbsp;helpful toward others. As a result, studies suggest it employees who are more mindful have higher levels of job satisfaction.</span></p>",,<p><a href=""https://hbr.org/2017/09/heres-what-mindfulness-is-and-isnt-good-for"" target=""_blank"">Here's What Mindfulness Is (and Isn't) Good For</a></p><p><a href=""https://pdfs.semanticscholar.org/05c1/4273f0d3d4acdac20ee49c76ba3aa3afe7a5.pdf"" target=""_blank"">Benefits of Mindfulness at Work</a></p>,17,Practicing Mindfulness,"{""de"": ""Durch Einüben von Achtsamkeit"", ""en"": ""Practicing Mindfulness"", ""es"": ""Practicar la conciencia plena"", ""fr"": ""Pratiquer la pleine-conscience"", ""ja"": ""マインドフルネス（意識の充満）の実践"", ""pt"": ""Praticar Mindfulness"", ""ru"": ""Практика осознанности"", ""zh"": ""练习关注现状""}",1.0,2022-06-27 20:08:25.802 +0000,2022-06-27 20:54:26.837 +0000,2022-06-27 20:47:37.044 +0000,2022-06-27 20:47:47.080 +0000,1656362857113700017,1570220153216,https://buapp-prod-encrypted.s3-us-west-2.amazonaws.com/resources/topic-themes/placeholder.png,practicing_mindfulness,,3,
2019-07-12 16:37:42.047 +0000,,"{""de"": ""Vertiefen Sie Ihre Fähigkeit, andere zu inspirieren und die Menschen in Ihrem Umfeld zu entwickeln."", ""en"": ""Deepen your ability to inspire and develop those around you."", ""es"": ""Profundiza tu habilidad para inspirar y desarrollar a quienes te rodean."", ""fr"": ""Approfondir votre capacité à inspirer et à permettre aux personnes côtoyées de se développer."", ""ja"": ""周囲を刺激し、成長させる能力を深める。"", ""pt"": ""Aumentar sua capacidade de inspirar e fazer as pessoas ao seu redor crescerem."", ""ru"": ""Углубление своих способностей вдохновлять и развивать окружающих."", ""zh"": ""加强你激励和培养周围人的能力。"", ""en-US"": ""Deepen your ability to inspire and develop those around you.""}",<p><br></p>,40,Leading Others,"{""de"": ""Führen anderer"", ""en"": ""Leading Others"", ""es"": ""Cómo liderar a otros"", ""fr"": ""Mener les autres"", ""ja"": ""他者をリードする"", ""pt"": ""Liderar Outras Pessoas"", ""ru"": ""Руководство другими"", ""zh"": ""领导他人""}",2.0,2022-06-27 20:08:25.746 +0000,2022-06-27 20:54:26.837 +0000,2022-06-27 20:47:37.044 +0000,2022-06-27 20:47:47.080 +0000,1656362857113621011,1570220153216,https://buapp-prod-encrypted.s3.amazonaws.com/resources/topic-themes/lighhouse.png,leading_others,"{""de"": ""Vertiefen Sie ihre Fähigkeit, die Menschen in ihrem Umfeld zu inspirieren und zu entwickeln."", ""en"": ""Deepen their ability to inspire and develop those around them."", ""es"": ""Profundizar su capacidad para inspirar y desarrollar a quienes los rodean."", ""fr"": ""Approfondir sa capacité à inspirer et à permettre aux personnes côtoyées de se développer."", ""ja"": ""彼らの周囲を刺激し、成長させる能力を深める。"", ""pt"": ""Aumentar a capacidade deles de inspirar e fazer as pessoas ao redor deles crescerem."", ""ru"": ""Этот человек углубляет свои способности вдохновлять и развивать других."", ""zh"": ""加强他们激励和培养周围人的能力。""}",11564,
2018-03-06 16:00:00.000 +0000,"<p><span style=""color: rgb(0, 0, 0);"">When employees are confident they exert more effort, are more likely to persist through challenges, and strive for higher levels of achievement. As a result, confidence has been directly correlated with job performance. In addition, confidence levels have been linked to an individual's openness to change. As a result, building employees' confidence can lead to a higher performing and agile employee population.</span></p>",,<p><a href=""https://journals.aom.org/doi/abs/10.5465/amr.1987.4306562"" target=""_blank"">Self-Efficacy: Implications for Organizational Behavior and Human Resource Management</a></p><p><a href=""https://hbr.org/video/4793534579001/how-confidence-and-willingness-to-change-are-related"" target=""_blank"">How confidence and willingness to change are related</a></p>,5,Building Confidence,"{""de"": ""Durch Aufbau von Vertrauen"", ""en"": ""Building Confidence"", ""es"": ""Desarrollar la confianza"", ""fr"": ""Développer l’assurance"", ""ja"": ""自信をつける"", ""pt"": ""Aumentar a Confiança"", ""ru"": ""Развитие уверенности"", ""zh"": ""建立信心""}",1.0,2022-06-27 20:08:25.651 +0000,2022-06-27 20:54:26.836 +0000,2022-06-27 20:47:37.044 +0000,2022-06-27 20:47:47.080 +0000,1656362857113497002,1570220153216,https://buapp-prod-encrypted.s3-us-west-2.amazonaws.com/resources/topic-themes/placeholder.png,building_confidence,,0,
2018-03-06 16:00:00.000 +0000,"<p>Research suggests that receiving consistent high-quality feedback is associated with 27% higher performance. However, we often have strong biases that make it difficult to evaluate others objectively, and if provided improperly, feedback can actually negatively impact performance. As a result, helping employees to give effective feedback has enormous potential to impact the broader productivity of an organization.&nbsp;</p>",,<p><a href=""https://hbr.org/2019/03/the-feedback-fallacy"" target=""_blank"">The Feedback Fallacy</a></p><p><a href=""https://psycnet.apa.org/buy/1996-02773-003"" target=""_blank"">The effects of feedback interventions on performance</a></p>,12,Giving and Receiving Effective Feedback,"{""de"": ""Durch Geben und Nehmen von effektivem Feedback"", ""en"": ""Giving and Receiving Effective Feedback"", ""es"": ""Dar y recibir feedback efectivo"", ""fr"": ""Donner et recevoir un feedback constructif"", ""ja"": ""効果的なフィードバックの与え方と受け方"", ""pt"": ""Dar e Receber Feedback Efetivo"", ""ru"": ""Эффективное предоставление и получение обратной связи"", ""zh"": ""提供和接受有效的反馈""}",1.0,2022-06-27 20:08:25.718 +0000,2022-06-27 20:54:26.837 +0000,2022-06-27 20:47:37.044 +0000,2022-06-27 20:47:47.080 +0000,1656362857113581008,1570220153216,https://buapp-prod-encrypted.s3-us-west-2.amazonaws.com/resources/topic-themes/placeholder.png,giving_and_receiving_effective_feedback,,1,
2018-03-06 16:00:00.000 +0000,"<p><span style=""color: rgb(0, 0, 0); background-color: rgb(255, 255, 255);"">Enhancing productivity is about increasing output with the same level of resources, however research suggests that putting more on an employee's plate can actually harm performance because human beings are terrible multitaskers. As a result, to increase productivity employees need to develop new skills, which also supports&nbsp;their development and satisfaction at work. When employees increase their productivity it allows organizations to achieve greater results without increasing headcount.</span></p>",,"<p><a href=""https://hbr.org/2017/03/great-companies-obsess-over-productivity-not-efficiency"" target=""_blank"">Great companies obsess over productivity, not efficiency</a></p><p><a href=""https://hbr.org/2015/12/5-ways-to-minimize-office-distractions"" target=""_blank"">5 Ways to Minimize Office Distractions</a></p>",18,Enhancing Productivity,"{""de"": ""Durch Steigern der Produktivität"", ""en"": ""Enhancing Productivity"", ""es"": ""Mejorar la productividad"", ""fr"": ""Améliorer sa productivité"", ""ja"": ""生産性向上への取り組み"", ""pt"": ""Aumentar a Produtividade"", ""ru"": ""Повышение продуктивности"", ""zh"": ""提高工作效率""}",1.0,2022-06-27 20:08:25.706 +0000,2022-06-27 20:54:26.836 +0000,2022-06-27 20:47:37.044 +0000,2022-06-27 20:47:47.080 +0000,1656362857113568007,1570220153216,https://buapp-prod-encrypted.s3-us-west-2.amazonaws.com/resources/topic-themes/placeholder.png,enhancing_productivity,,160,
2018-03-06 16:00:00.000 +0000,"<p><span style=""color: rgb(0, 0, 0); background-color: rgb(255, 255, 255);"">Research suggests that inspiring leaders produce greater job satisfaction, motivation, job performance, team performance, and even creativity.&nbsp;</span><u style=""color: rgb(0, 0, 0); background-color: rgb(255, 255, 255);"">Effective</u><span style=""color: rgb(0, 0, 0); background-color: rgb(255, 255, 255);"">&nbsp;leaders are able to inspire others and lead change by gaining commitment to a collective vision. Research also suggests that effective leadership is ""contagious"" and that effectiveness trickles down to their direct reports creating an exponential impact.</span></p>",,<p><a href=""https://hbr.org/2009/07/inspire-employees"" target=""_blank"">HBR: Inspire Employees at the Grass-Roots Level</a></p><p><a href=""https://psycnet.apa.org/record/2004-19456-002"" target=""_blank"">Transformational and transactional leadership</a></p>,2,Becoming an Effective Leader,"{""de"": ""Indem Sie eine effektive Führungspersönlichkeit werden"", ""en"": ""Becoming an Effective Leader"", ""es"": ""Para convertirse en un líder efectivo"", ""fr"": ""Devenir un leader efficace"", ""ja"": ""効果的なリーダーになるために"", ""pt"": ""Tornar-se um Líder Eficaz"", ""ru"": ""Становление эффективного лидера"", ""zh"": ""成为更高效的领导者""}",1.0,2022-06-27 20:08:25.640 +0000,2022-06-27 20:54:26.836 +0000,2022-06-27 20:47:37.044 +0000,2022-06-27 20:47:47.080 +0000,1656362857113460001,1570220153216,https://buapp-prod-encrypted.s3-us-west-2.amazonaws.com/resources/topic-themes/placeholder.png,becoming_an_effective_leader,,1,
2023-05-04 15:32:53.782 +0000,,"{""de"": ""Sie können Ihre Teams effektiv ausbauen und weiterentwickeln und dabei die Vertriebs- und Geschäftsziele vorantreiben."", ""en"": ""Effectively grow and develop your teams while driving toward commercial and business goals."", ""es"": ""Logra un crecimiento y desarrollo efectivos de tus equipos al tiempo que impulsas los objetivos comerciales y de negocios."", ""fr"": ""Développez efficacement vos équipes tout en vous efforçant d'atteindre des objectifs commerciaux et d'affaires."", ""ja"": ""チームを効果的に成長・発展させながら、商業・ビジネス上の目標に向かって突き進んでいきましょう。"", ""pt"": ""Cresça e desenvolva efetivamente seus times tendo em vista as metas comerciais e de negócios."", ""ru"": ""Эффективно развивайте и растите команды, продвигаясь к коммерческим и бизнес-целям."", ""zh"": ""在推动商业和业务目标实现的同时，让你的团队得到高效成长和发展。""}",,50,,"{""de"": ""Führungskompetenz im Vertrieb"", ""en"": ""Sales Leadership"", ""es"": ""Liderazgo de ventas"", ""fr"": ""Leadership de vente"", ""ja"": ""セールスリーダーシップ"", ""pt"": ""Liderança em Vendas"", ""ru"": ""Лидерство в продажах"", ""zh"": ""销售领导""}",sales.perf,2023-05-15 22:02:12.114 +0000,2023-05-25 16:54:50.066 +0000,2023-05-25 16:51:13.521 +0000,2023-05-25 16:53:05.268 +0000,1685033473617831001,1570220153216,https://buapp-prod-encrypted.s3.amazonaws.com/resources/topic-themes/telescope.png,sales_leadership,"{""de"": ""Sie können Ihre Teams effektiv ausbauen und weiterentwickeln und dabei die Vertriebs- und Geschäftsziele vorantreiben."", ""en"": ""Effectively grow and develop your teams while driving toward commercial and business goals."", ""es"": ""Logra un crecimiento y desarrollo efectivos de tus equipos al tiempo que impulsas los objetivos comerciales y de negocios."", ""fr"": ""Développez efficacement vos équipes tout en vous efforçant d'atteindre des objectifs commerciaux et stratégiques."", ""ja"": ""チームを効果的に成長・発展させながら、商業・ビジネス上の目標に向かって突き進んでいきましょう。"", ""pt"": ""Cresça e desenvolva efetivamente seus times tendo em vista as metas comerciais e de negócios."", ""ru"": ""Эффективно развивайте и растите команды, продвигаясь к коммерческим и бизнес-целям."", ""zh"": ""在推动商业和业务目标实现的同时，让你的团队得到高效成长和发展。""}",0,df176017-a57a-44f8-8644-c5f5bd395a39